"coid";"uid";"pid";"comment";"comment_date"
"12";"23";"39";"I absolutely love this product! It exceeded my expectations.";"2023-07-29 06:17:28"
"13";"24";"39";"Great quality and value for money. Highly recommended!";"2023-07-29 06:20:34"
"14";"25";"39";"This product has become a game-changer for me. So happy with my purchase!";"2023-07-29 06:21:28"
"15";"28";"39";"I highly recommend this product to anyone in need. It's worth every penny.";"2023-07-29 07:02:00"
"16";"27";"39";"Best purchase ever! I can't stop raving about it to my friends and family.";"2023-07-29 08:15:16"
"17";"25";"37";"Great quality and value for money. Highly recommended!";"2023-07-29 08:35:51"
"18";"27";"37";"I highly recommend this product to anyone in need. It's worth every penny.";"2023-07-29 08:36:30"
"19";"24";"37";"I'm thoroughly impressed by the design and functionality of this product.";"2023-07-29 08:37:53"
"20";"26";"37";"The customer service was excellent, and the product arrived on time.";"2023-07-29 08:47:25"
"21";"53";"37";"Excellent product and prompt delivery.";"2023-07-29 12:27:45"
"22";"53";"38";"Excellent product and prompt delivery.";"2023-07-29 12:28:19"
"23";"53";"39";"Excellent product and prompt delivery.";"2023-07-29 12:28:42"
"24";"53";"40";"Excellent product and prompt delivery.";"2023-07-29 12:29:02"
"25";"53";"41";"Excellent product and prompt delivery.";"2023-07-29 12:29:14"
"26";"53";"42";"Excellent product and prompt delivery.";"2023-07-29 12:29:24"
"27";"53";"43";"Excellent product and prompt delivery.";"2023-07-29 12:29:38"
"28";"53";"44";"Excellent product and prompt delivery.";"2023-07-29 12:30:02"
"29";"53";"45";"Excellent product and prompt delivery.";"2023-07-29 12:30:23"
"30";"53";"46";"Excellent product and prompt delivery.";"2023-07-29 12:30:40"
"31";"53";"47";"Excellent product and prompt delivery.";"2023-07-29 12:31:03"
"32";"53";"48";"Excellent product and prompt delivery.";"2023-07-29 12:31:29"
"33";"53";"49";"Excellent product and prompt delivery.";"2023-07-29 12:32:05"
"34";"53";"50";"Excellent product and prompt delivery.";"2023-07-29 12:32:26"
"35";"53";"51";"Excellent product and prompt delivery.";"2023-07-29 12:32:39"
"36";"53";"77";"Excellent product and prompt delivery.";"2023-07-29 12:33:07"
"37";"53";"78";"Excellent product and prompt delivery.";"2023-07-29 12:33:21"
"38";"53";"83";"Excellent product and prompt delivery.";"2023-07-29 12:33:32"
"39";"53";"79";"Excellent product and prompt delivery.";"2023-07-29 12:33:49"
"40";"53";"80";"Excellent product and prompt delivery.";"2023-07-29 12:34:02"
"41";"53";"81";"Excellent product and prompt delivery.";"2023-07-29 12:34:39"
"42";"53";"82";"Excellent product and prompt delivery.";"2023-07-29 12:35:00"
"43";"53";"84";"Excellent product and prompt delivery.";"2023-07-29 12:35:24"
"44";"53";"67";"Excellent product and prompt delivery.";"2023-07-29 12:42:38"
"45";"53";"68";"Excellent product and prompt delivery.";"2023-07-29 12:43:02"
"46";"53";"76";"Excellent product and prompt delivery.";"2023-07-29 12:43:17"
"47";"53";"71";"Excellent product and prompt delivery.";"2023-07-29 12:43:39"
"48";"53";"69";"Excellent product and prompt delivery.";"2023-07-29 12:44:04"
"49";"53";"107";"Excellent product and prompt delivery.";"2023-07-29 12:44:32"
"50";"53";"109";"Excellent product and prompt delivery.";"2023-07-29 12:44:50"
"51";"53";"113";"Excellent product and prompt delivery.";"2023-07-29 12:45:13"
"52";"53";"111";"Excellent product and prompt delivery.";"2023-07-29 12:45:32"
"53";"53";"115";"Excellent product and prompt delivery.";"2023-07-29 12:46:05"
"54";"53";"116";"Excellent product and prompt delivery.";"2023-07-29 12:46:34"
"55";"53";"88";"Excellent product and prompt delivery.";"2023-07-29 12:46:59"
"56";"53";"89";"Excellent product and prompt delivery.";"2023-07-29 12:47:36"
"57";"53";"87";"Excellent product and prompt delivery.";"2023-07-29 12:47:49"
"58";"53";"93";"Excellent product and prompt delivery.";"2023-07-29 12:48:16"
"59";"53";"92";"Excellent product and prompt delivery.";"2023-07-29 12:48:30"
"60";"53";"94";"Excellent product and prompt delivery.";"2023-07-29 12:48:46"
"61";"53";"95";"Excellent product and prompt delivery.";"2023-07-29 12:49:04"
"62";"53";"97";"Excellent product and prompt delivery.";"2023-07-29 12:49:49"
"63";"53";"99";"Excellent product and prompt delivery.";"2023-07-29 12:50:02"
"64";"53";"98";"Excellent product and prompt delivery.";"2023-07-29 12:50:14"
"65";"53";"102";"Excellent product and prompt delivery.";"2023-07-29 12:52:02"
"66";"53";"103";"Excellent product and prompt delivery.";"2023-07-29 12:52:17"
"67";"53";"100";"Excellent product and prompt delivery.";"2023-07-29 12:52:30"
"68";"53";"101";"Excellent product and prompt delivery.";"2023-07-29 12:53:16"
"69";"53";"123";"Excellent product and prompt delivery.";"2023-07-29 12:53:46"
"70";"53";"117";"Excellent product and prompt delivery.";"2023-07-29 12:54:20"
"71";"53";"118";"Excellent product and prompt delivery.";"2023-07-29 12:55:01"
"72";"53";"119";"Excellent product and prompt delivery.";"2023-07-29 12:55:16"
"73";"53";"120";"Excellent product and prompt delivery.";"2023-07-29 12:55:31"
"74";"53";"125";"Excellent product and prompt delivery.";"2023-07-29 12:55:46"
"75";"53";"128";"Excellent product and prompt delivery.";"2023-07-29 12:58:01"
"76";"53";"132";"Excellent product and prompt delivery.";"2023-07-29 12:58:24"
"77";"53";"129";"Excellent product and prompt delivery.";"2023-07-29 12:58:50"
"78";"53";"134";"Excellent product and prompt delivery.";"2023-07-29 12:59:02"
"79";"53";"135";"Excellent product and prompt delivery.";"2023-07-29 12:59:22"
"80";"53";"136";"Excellent product and prompt delivery.";"2023-07-29 12:59:44"
"81";"52";"37";"Product quality is top-notch.";"2023-07-29 13:01:12"
"82";"52";"38";"Product quality is top-notch.";"2023-07-29 13:01:43"
"83";"52";"40";"Product quality is top-notch.";"2023-07-29 13:01:57"
"84";"52";"43";"Product quality is top-notch.";"2023-07-29 13:04:04"
"85";"52";"42";"Product quality is top-notch.";"2023-07-29 13:04:16"
"86";"52";"45";"Product quality is top-notch.";"2023-07-29 13:04:38"
"87";"52";"41";"Product quality is top-notch.";"2023-07-29 13:04:51"
"88";"52";"55";"Product quality is top-notch.";"2023-07-29 13:05:15"
"89";"52";"54";"Product quality is top-notch.";"2023-07-29 13:05:27"
"90";"52";"52";"Product quality is top-notch.";"2023-07-29 13:05:38"
"91";"52";"53";"Product quality is top-notch.";"2023-07-29 13:05:53"
"92";"52";"56";"Product quality is top-notch.";"2023-07-29 13:06:07"
"93";"52";"50";"Product quality is top-notch.";"2023-07-29 13:08:08"
"94";"52";"62";"Product quality is top-notch.";"2023-07-29 13:08:19"
"95";"52";"59";"Product quality is top-notch.";"2023-07-29 13:08:28"
"96";"52";"61";"Product quality is top-notch.";"2023-07-29 13:08:37"
"97";"52";"63";"Product quality is top-notch.";"2023-07-29 13:08:46"
"98";"52";"65";"Product quality is top-notch.";"2023-07-29 13:08:57"
"99";"52";"66";"Product quality is top-notch.";"2023-07-29 13:09:12"
"100";"52";"58";"Product quality is top-notch.";"2023-07-29 13:09:25"
"101";"52";"60";"Product quality is top-notch.";"2023-07-29 13:09:40"
"102";"52";"57";"Product quality is top-notch.";"2023-07-29 13:09:51"
"103";"52";"64";"Product quality is top-notch.";"2023-07-29 13:10:08"
"104";"52";"72";"Product quality is top-notch.";"2023-07-29 13:10:22"
"105";"52";"70";"Product quality is top-notch.";"2023-07-29 13:10:36"
"106";"52";"74";"Product quality is top-notch.";"2023-07-29 13:10:52"
"107";"52";"73";"Product quality is top-notch.";"2023-07-29 13:11:02"
"108";"52";"86";"Product quality is top-notch.";"2023-07-29 13:11:16"
"109";"52";"75";"Product quality is top-notch.";"2023-07-29 13:11:28"
"110";"52";"90";"Product quality is top-notch.";"2023-07-29 13:11:44"
"111";"52";"105";"Product quality is top-notch.";"2023-07-29 13:12:11"
"112";"52";"104";"Product quality is top-notch.";"2023-07-29 13:12:31"
"113";"52";"122";"Product quality is top-notch.";"2023-07-29 13:12:43"
"114";"52";"121";"Product quality is top-notch.";"2023-07-29 13:13:02"
"115";"52";"124";"Product quality is top-notch.";"2023-07-29 13:13:15"
"116";"52";"125";"Product quality is top-notch.";"2023-07-29 13:13:33"
"117";"52";"126";"Product quality is top-notch.";"2023-07-29 13:13:49"
"118";"52";"127";"Product quality is top-notch.";"2023-07-29 13:14:02"
"119";"52";"130";"Product quality is top-notch.";"2023-07-29 13:14:17"
"120";"52";"133";"Product quality is top-notch.";"2023-07-29 13:14:33"
"121";"52";"135";"Product quality is top-notch.";"2023-07-29 13:14:51"
"122";"52";"136";"Product quality is top-notch.";"2023-07-29 13:15:08"
"123";"51";"38";"Wonderful customer support!";"2023-07-29 13:15:47"
"124";"51";"40";"Wonderful customer support!";"2023-07-29 13:15:57"
"125";"51";"41";"Wonderful customer support!";"2023-07-29 13:16:06"
"126";"51";"44";"Wonderful customer support!";"2023-07-29 13:16:26"
"127";"51";"53";"Wonderful customer support!";"2023-07-29 13:17:28"
"128";"51";"48";"Wonderful customer support!";"2023-07-29 13:17:37"
"129";"51";"43";"Wonderful customer support!";"2023-07-29 13:17:48"
"130";"51";"60";"Wonderful customer support!";"2023-07-29 13:18:14"
"131";"51";"58";"Wonderful customer support!";"2023-07-29 13:18:23"
"132";"51";"61";"Wonderful customer support!";"2023-07-29 13:18:31"
"133";"51";"63";"Wonderful customer support!";"2023-07-29 13:18:40"
"134";"51";"64";"Wonderful customer support!";"2023-07-29 13:18:51"
"135";"51";"56";"Wonderful customer support!";"2023-07-29 13:19:00"
"136";"51";"62";"Wonderful customer support!";"2023-07-29 13:19:15"
"137";"51";"74";"Wonderful customer support!";"2023-07-29 13:19:25"
"138";"51";"68";"Wonderful customer support!";"2023-07-29 13:19:34"
"139";"51";"71";"Wonderful customer support!";"2023-07-29 13:19:45"
"140";"51";"69";"Wonderful customer support!";"2023-07-29 13:19:55"
"141";"51";"76";"Wonderful customer support!";"2023-07-29 13:20:22"
"142";"51";"103";"Wonderful customer support!";"2023-07-29 13:20:32"
"143";"51";"89";"Wonderful customer support!";"2023-07-29 13:20:43"
"144";"51";"72";"Wonderful customer support!";"2023-07-29 13:20:55"
"145";"51";"110";"Wonderful customer support!";"2023-07-29 13:21:08"
"146";"51";"134";"Wonderful customer support!";"2023-07-29 13:21:22"
"147";"51";"119";"Wonderful customer support!";"2023-07-29 13:21:32"
"148";"51";"88";"Wonderful customer support!";"2023-07-29 13:21:42"
"149";"51";"128";"Wonderful customer support!";"2023-07-29 13:21:54"
"150";"51";"127";"Wonderful customer support!";"2023-07-29 13:22:06"
"151";"51";"130";"Wonderful customer support!";"2023-07-29 13:23:09"
"152";"51";"120";"Wonderful customer support!";"2023-07-29 13:23:40"
"153";"51";"99";"Wonderful customer support!";"2023-07-29 13:24:02"
"154";"51";"98";"Wonderful customer support!";"2023-07-29 13:24:16"
"155";"51";"90";"Wonderful customer support!";"2023-07-29 13:24:33"
"156";"51";"118";"Wonderful customer support!";"2023-07-29 13:24:50"
"157";"51";"129";"Wonderful customer support!";"2023-07-29 13:25:08"
"158";"51";"78";"Wonderful customer support!";"2023-07-29 13:25:21"
"159";"51";"79";"Wonderful customer support!";"2023-07-29 13:25:32"
"160";"51";"80";"Wonderful customer support!";"2023-07-29 13:25:44"
"161";"51";"86";"Wonderful customer support!";"2023-07-29 13:26:03"
"162";"51";"82";"Wonderful customer support!";"2023-07-29 13:26:23"
"163";"51";"85";"Wonderful customer support!";"2023-07-29 13:26:35"
"164";"51";"97";"Wonderful customer support!";"2023-07-29 13:27:29"
"165";"51";"77";"Wonderful customer support!";"2023-07-29 13:27:45"
"166";"51";"75";"Wonderful customer support!";"2023-07-29 13:28:00"
"167";"51";"100";"Wonderful customer support!";"2023-07-29 13:28:34"
"168";"50";"38";"Extremely satisfied with the purchase.";"2023-07-29 13:30:07"
"169";"50";"40";"Extremely satisfied with the purchase.";"2023-07-29 13:30:42"
"170";"50";"43";"Extremely satisfied with the purchase.";"2023-07-29 13:30:54"
"171";"50";"56";"Extremely satisfied with the purchase.";"2023-07-29 13:31:09"
"172";"50";"45";"Extremely satisfied with the purchase.";"2023-07-29 13:31:24"
"173";"50";"49";"Extremely satisfied with the purchase.";"2023-07-29 13:31:35"
"174";"50";"52";"Extremely satisfied with the purchase.";"2023-07-29 13:31:45"
"175";"50";"48";"Extremely satisfied with the purchase.";"2023-07-29 13:31:56"
"176";"50";"59";"Extremely satisfied with the purchase.";"2023-07-29 13:32:06"
"177";"50";"62";"Extremely satisfied with the purchase.";"2023-07-29 13:32:17"
"178";"50";"51";"Extremely satisfied with the purchase.";"2023-07-29 13:32:27"
"179";"50";"53";"Extremely satisfied with the purchase.";"2023-07-29 13:32:38"
"180";"50";"79";"Extremely satisfied with the purchase.";"2023-07-29 13:32:53"
"181";"50";"98";"Extremely satisfied with the purchase.";"2023-07-29 13:33:06"
"182";"50";"63";"Extremely satisfied with the purchase.";"2023-07-29 13:33:26"
"183";"50";"66";"Extremely satisfied with the purchase.";"2023-07-29 13:33:36"
"184";"50";"67";"Extremely satisfied with the purchase.";"2023-07-29 13:33:47"
"185";"50";"71";"Extremely satisfied with the purchase.";"2023-07-29 13:33:57"
"186";"50";"74";"Extremely satisfied with the purchase.";"2023-07-29 13:34:15"
"187";"50";"84";"Extremely satisfied with the purchase.";"2023-07-29 13:34:28"
"188";"50";"77";"Extremely satisfied with the purchase.";"2023-07-29 13:34:40"
"189";"50";"75";"Extremely satisfied with the purchase.";"2023-07-29 13:34:50"
"190";"50";"69";"Extremely satisfied with the purchase.";"2023-07-29 13:35:03"
"191";"50";"102";"Extremely satisfied with the purchase.";"2023-07-29 13:35:15"
"192";"50";"100";"Extremely satisfied with the purchase.";"2023-07-29 13:35:31"
"193";"50";"88";"Extremely satisfied with the purchase.";"2023-07-29 13:35:54"
"194";"49";"38";"Product quality is excellent.";"2023-07-29 13:36:38"
"195";"49";"52";"Product quality is excellent.";"2023-07-29 13:36:48"
"196";"49";"62";"Product quality is excellent.";"2023-07-29 13:37:43"
"197";"49";"79";"Product quality is excellent.";"2023-07-29 13:37:55"
"198";"49";"68";"Product quality is excellent.";"2023-07-29 13:38:08"
"199";"49";"66";"Product quality is excellent.";"2023-07-29 13:38:26"
"200";"49";"119";"Product quality is excellent.";"2023-07-29 13:38:48"
"201";"49";"99";"Product quality is excellent.";"2023-07-29 13:39:03"
"202";"49";"90";"Product quality is excellent.";"2023-07-29 13:39:15"
"203";"49";"87";"Product quality is excellent.";"2023-07-29 13:39:29"
"204";"49";"120";"Product quality is excellent.";"2023-07-29 13:39:42"
"205";"49";"100";"Product quality is excellent.";"2023-07-29 13:39:54"
"206";"49";"96";"Product quality is excellent.";"2023-07-29 13:40:06"
"207";"49";"129";"Product quality is excellent.";"2023-07-29 13:40:16"
"208";"49";"127";"Product quality is excellent.";"2023-07-29 13:40:29"
"209";"49";"78";"Product quality is excellent.";"2023-07-29 13:40:45"
"210";"49";"107";"Product quality is excellent.";"2023-07-29 13:41:02"
"211";"49";"109";"Product quality is excellent.";"2023-07-29 13:41:14"
"212";"49";"110";"Product quality is excellent.";"2023-07-29 13:41:28"
"213";"49";"89";"Product quality is excellent.";"2023-07-29 13:41:50"
"214";"49";"98";"Product quality is excellent.";"2023-07-29 13:42:03"
"215";"49";"132";"Product quality is excellent.";"2023-07-29 13:42:31"
"216";"49";"133";"Product quality is excellent.";"2023-07-29 13:42:48"
"217";"49";"106";"Product quality is excellent.";"2023-07-29 13:43:00"
"218";"49";"67";"Product quality is excellent.";"2023-07-29 13:43:19"
"219";"49";"64";"Product quality is excellent.";"2023-07-29 13:43:32"
"220";"48";"40";"Very happy with my purchase.";"2023-07-29 13:44:15"
"221";"48";"56";"Very happy with my purchase.";"2023-07-29 13:44:25"
"222";"48";"62";"Very happy with my purchase.";"2023-07-29 13:44:36"
"223";"48";"98";"Very happy with my purchase.";"2023-07-29 13:44:47"
"224";"48";"52";"Very happy with my purchase.";"2023-07-29 13:44:58"
"225";"48";"78";"Very happy with my purchase.";"2023-07-29 13:45:10"
"226";"48";"118";"Very happy with my purchase.";"2023-07-29 13:45:34"
"227";"48";"128";"Very happy with my purchase.";"2023-07-29 13:45:49"
"228";"48";"37";"Very happy with my purchase.";"2023-07-29 13:45:59"
"229";"48";"47";"Very happy with my purchase.";"2023-07-29 13:46:43"
"230";"48";"106";"Very happy with my purchase.";"2023-07-29 13:47:00"
"231";"48";"55";"Very happy with my purchase.";"2023-07-29 13:47:12"
"232";"47";"44";"The product arrived on time and in perfect condition.";"2023-07-29 14:06:56"
"233";"47";"42";"The product arrived on time and in perfect condition.";"2023-07-29 14:07:06"
"234";"47";"45";"The product arrived on time and in perfect condition.";"2023-07-29 14:07:17"
"235";"47";"46";"The product arrived on time and in perfect condition.";"2023-07-29 14:07:30"
"236";"47";"51";"The product arrived on time and in perfect condition.";"2023-07-29 14:07:41"
"237";"47";"54";"The product arrived on time and in perfect condition.";"2023-07-29 14:07:55"
"238";"47";"61";"The product arrived on time and in perfect condition.";"2023-07-29 14:08:27"
"239";"47";"60";"The product arrived on time and in perfect condition.";"2023-07-29 14:08:41"
"240";"47";"59";"The product arrived on time and in perfect condition.";"2023-07-29 14:09:03"
"241";"47";"58";"The product arrived on time and in perfect condition.";"2023-07-29 14:09:13"
"242";"47";"65";"The product arrived on time and in perfect condition.";"2023-07-29 14:09:47"
"243";"47";"80";"The product arrived on time and in perfect condition.";"2023-07-29 14:09:59"
"244";"47";"82";"The product arrived on time and in perfect condition.";"2023-07-29 14:10:12"
"245";"47";"76";"The product arrived on time and in perfect condition.";"2023-07-29 14:10:22"
"246";"47";"81";"The product arrived on time and in perfect condition.";"2023-07-29 14:10:33"
"247";"47";"57";"The product arrived on time and in perfect condition.";"2023-07-29 14:10:44"
"248";"47";"77";"The product arrived on time and in perfect condition.";"2023-07-29 14:11:02"
"249";"47";"83";"The product arrived on time and in perfect condition.";"2023-07-29 14:11:16"
"250";"47";"72";"The product arrived on time and in perfect condition.";"2023-07-29 14:11:29"
"251";"47";"55";"The product arrived on time and in perfect condition.";"2023-07-29 14:11:53"
"252";"47";"70";"The product arrived on time and in perfect condition.";"2023-07-29 14:12:08"
"253";"47";"73";"The product arrived on time and in perfect condition.";"2023-07-29 14:12:19"
"254";"47";"86";"The product arrived on time and in perfect condition.";"2023-07-29 14:12:42"
"255";"47";"93";"The product arrived on time and in perfect condition.";"2023-07-29 14:12:55"
"256";"47";"108";"The product arrived on time and in perfect condition.";"2023-07-29 14:13:05"
"257";"47";"110";"The product arrived on time and in perfect condition.";"2023-07-29 14:13:21"
"258";"47";"111";"The product arrived on time and in perfect condition.";"2023-07-29 14:13:33"
"259";"47";"87";"The product arrived on time and in perfect condition.";"2023-07-29 14:13:44"
"260";"47";"91";"The product arrived on time and in perfect condition.";"2023-07-29 14:13:55"
"261";"47";"117";"The product arrived on time and in perfect condition.";"2023-07-29 14:14:13"
"262";"47";"105";"The product arrived on time and in perfect condition.";"2023-07-29 14:14:25"
"263";"47";"136";"The product arrived on time and in perfect condition.";"2023-07-29 14:14:38"
"264";"47";"50";"The product arrived on time and in perfect condition.";"2023-07-29 14:14:57"
"265";"47";"49";"The product arrived on time and in perfect condition.";"2023-07-29 14:15:07"
"266";"47";"75";"The product arrived on time and in perfect condition.";"2023-07-29 14:15:19"
"267";"47";"85";"The product arrived on time and in perfect condition.";"2023-07-29 14:15:35"
"268";"47";"96";"The product arrived on time and in perfect condition.";"2023-07-29 14:15:57"
"269";"47";"106";"The product arrived on time and in perfect condition.";"2023-07-29 14:16:09"
"270";"47";"84";"The product arrived on time and in perfect condition.";"2023-07-29 14:16:26"
"271";"46";"47";"Great shopping experience overall.";"2023-07-29 14:17:17"
"272";"46";"56";"Great shopping experience overall.";"2023-07-29 14:17:25"
"273";"46";"54";"Great shopping experience overall.";"2023-07-29 14:17:31"
"274";"46";"82";"Great shopping experience overall.";"2023-07-29 14:17:51"
"275";"46";"64";"Great shopping experience overall.";"2023-07-29 14:18:02"
"276";"46";"89";"Great shopping experience overall.";"2023-07-29 14:18:17"
"277";"46";"118";"Great shopping experience overall.";"2023-07-29 14:18:31"
"278";"46";"105";"Great shopping experience overall.";"2023-07-29 14:18:45"
"279";"46";"68";"Great shopping experience overall.";"2023-07-29 14:18:55"
"280";"46";"86";"Great shopping experience overall.";"2023-07-29 14:19:09"
"281";"46";"110";"Great shopping experience overall.";"2023-07-29 14:19:20"
"282";"46";"108";"Great shopping experience overall.";"2023-07-29 14:19:36"
"283";"46";"112";"Great shopping experience overall.";"2023-07-29 14:19:49"
"284";"46";"115";"Great shopping experience overall.";"2023-07-29 14:20:09"
"285";"46";"65";"Great shopping experience overall.";"2023-07-29 14:20:24"
"286";"46";"91";"Great shopping experience overall.";"2023-07-29 14:20:36"
"287";"46";"117";"Great shopping experience overall.";"2023-07-29 14:20:48"
"288";"46";"102";"Great shopping experience overall.";"2023-07-29 14:21:06"
"289";"46";"126";"Great shopping experience overall.";"2023-07-29 14:21:21"
"290";"46";"97";"Great shopping experience overall.";"2023-07-29 14:21:51"
"291";"46";"132";"Great shopping experience overall.";"2023-07-29 14:22:08"
"292";"46";"44";"Great shopping experience overall.";"2023-07-29 14:22:19"
"293";"46";"49";"Great shopping experience overall.";"2023-07-29 14:22:39"
"294";"46";"127";"Great shopping experience overall.";"2023-07-29 14:22:52"
"295";"46";"124";"Great shopping experience overall.";"2023-07-29 14:23:07"
"296";"46";"101";"Great shopping experience overall.";"2023-07-29 14:23:28"
"297";"46";"116";"Great shopping experience overall.";"2023-07-29 14:23:42"
"298";"46";"83";"Great shopping experience overall.";"2023-07-29 14:23:58"
"299";"46";"85";"Great shopping experience overall.";"2023-07-29 14:24:28"
"300";"45";"46";"Excellent quality and value for money.";"2023-07-29 14:25:04"
"301";"45";"47";"Excellent quality and value for money.";"2023-07-29 14:25:26"
"302";"45";"51";"Excellent quality and value for money.";"2023-07-29 14:25:36"
"303";"45";"48";"Excellent quality and value for money.";"2023-07-29 14:25:45"
"304";"45";"57";"Excellent quality and value for money.";"2023-07-29 14:25:55"
"305";"45";"58";"Excellent quality and value for money.";"2023-07-29 14:26:05"
"306";"45";"61";"Excellent quality and value for money.";"2023-07-29 14:26:14"
"307";"45";"60";"Excellent quality and value for money.";"2023-07-29 14:26:23"
"308";"45";"75";"Excellent quality and value for money.";"2023-07-29 14:26:38"
"309";"45";"41";"Excellent quality and value for money.";"2023-07-29 14:27:56"
"310";"45";"74";"Excellent quality and value for money.";"2023-07-29 14:28:21"
"311";"45";"53";"Excellent quality and value for money.";"2023-07-29 14:28:29"
"312";"45";"88";"Excellent quality and value for money.";"2023-07-29 14:28:40"
"313";"45";"90";"Excellent quality and value for money.";"2023-07-29 14:28:50"
"314";"45";"44";"Excellent quality and value for money.";"2023-07-29 14:29:00"
"315";"45";"132";"Excellent quality and value for money.";"2023-07-29 14:29:13"
"316";"45";"96";"Excellent quality and value for money.";"2023-07-29 14:29:30"
"317";"45";"86";"Excellent quality and value for money.";"2023-07-29 14:29:42"
"318";"45";"95";"Excellent quality and value for money.";"2023-07-29 14:29:54"
"319";"45";"119";"Excellent quality and value for money.";"2023-07-29 14:30:07"
"320";"45";"124";"Excellent quality and value for money.";"2023-07-29 14:30:21"
"321";"45";"133";"Excellent quality and value for money.";"2023-07-29 14:30:37"
"322";"45";"104";"Excellent quality and value for money.";"2023-07-29 14:30:48"
"323";"45";"131";"Excellent quality and value for money.";"2023-07-29 14:30:58"
"324";"45";"114";"Excellent quality and value for money.";"2023-07-29 14:31:13"
"325";"45";"136";"Excellent quality and value for money.";"2023-07-29 14:31:30"
"326";"45";"80";"Excellent quality and value for money.";"2023-07-29 14:31:40"
"327";"45";"82";"Excellent quality and value for money.";"2023-07-29 14:31:51"
"328";"45";"101";"Excellent quality and value for money.";"2023-07-29 14:32:06"
"329";"45";"107";"Excellent quality and value for money.";"2023-07-29 14:32:20"
"330";"45";"103";"Excellent quality and value for money.";"2023-07-29 14:32:31"
"331";"45";"81";"Excellent quality and value for money.";"2023-07-29 14:32:41"
"332";"45";"79";"Excellent quality and value for money.";"2023-07-29 14:32:52"
"333";"45";"76";"Excellent quality and value for money.";"2023-07-29 14:33:03"
"334";"45";"91";"Excellent quality and value for money.";"2023-07-29 14:33:17"
"335";"45";"94";"Excellent quality and value for money.";"2023-07-29 14:33:32"
"336";"44";"71";"Highly satisfied with the purchase.";"2023-07-29 14:34:28"
"337";"44";"62";"Highly satisfied with the purchase.";"2023-07-29 14:34:37"
"338";"44";"72";"Highly satisfied with the purchase.";"2023-07-29 14:34:51"
"339";"44";"61";"Highly satisfied with the purchase.";"2023-07-29 14:35:01"
"340";"44";"57";"Highly satisfied with the purchase.";"2023-07-29 14:35:13"
"341";"44";"46";"Highly satisfied with the purchase.";"2023-07-29 14:35:27"
"342";"44";"59";"Highly satisfied with the purchase.";"2023-07-29 14:35:39"
"343";"44";"66";"Highly satisfied with the purchase.";"2023-07-29 14:35:50"
"344";"44";"67";"Highly satisfied with the purchase.";"2023-07-29 14:36:02"
"345";"44";"81";"Highly satisfied with the purchase.";"2023-07-29 14:36:15"
"346";"44";"84";"Highly satisfied with the purchase.";"2023-07-29 14:36:26"
"347";"44";"94";"Highly satisfied with the purchase.";"2023-07-29 14:36:41"
"348";"44";"86";"Highly satisfied with the purchase.";"2023-07-29 14:36:52"
"349";"44";"96";"Highly satisfied with the purchase.";"2023-07-29 14:37:04"
"350";"44";"99";"Highly satisfied with the purchase.";"2023-07-29 14:37:15"
"351";"44";"106";"Highly satisfied with the purchase.";"2023-07-29 14:37:28"
"352";"44";"114";"Highly satisfied with the purchase.";"2023-07-29 14:37:38"
"353";"44";"101";"Highly satisfied with the purchase.";"2023-07-29 14:37:51"
"354";"44";"112";"Highly satisfied with the purchase.";"2023-07-29 14:38:01"
"355";"44";"105";"Highly satisfied with the purchase.";"2023-07-29 14:38:20"
"356";"44";"87";"Highly satisfied with the purchase.";"2023-07-29 14:38:38"
"357";"44";"129";"Highly satisfied with the purchase.";"2023-07-29 14:38:51"
"358";"44";"93";"Highly satisfied with the purchase.";"2023-07-29 14:39:42"
"359";"44";"109";"Highly satisfied with the purchase.";"2023-07-29 14:39:55"
"360";"44";"95";"Highly satisfied with the purchase.";"2023-07-29 14:40:10"
"361";"44";"134";"Highly satisfied with the purchase.";"2023-07-29 14:40:28"
"362";"44";"136";"Highly satisfied with the purchase.";"2023-07-29 14:40:42"
"363";"44";"40";"Highly satisfied with the purchase.";"2023-07-29 14:41:11"
"364";"44";"37";"Highly satisfied with the purchase.";"2023-07-29 14:41:25"
"365";"44";"38";"Highly satisfied with the purchase.";"2023-07-29 14:41:37"
"366";"44";"39";"Highly satisfied with the purchase.";"2023-07-29 14:41:46"
"367";"44";"47";"Highly satisfied with the purchase.";"2023-07-29 14:41:58"
"368";"44";"45";"Highly satisfied with the purchase.";"2023-07-29 14:42:07"
"369";"44";"54";"Highly satisfied with the purchase.";"2023-07-29 14:42:18"
"370";"44";"55";"Highly satisfied with the purchase.";"2023-07-29 14:42:27"
"371";"44";"73";"Highly satisfied with the purchase.";"2023-07-29 14:42:43"
"372";"44";"98";"Highly satisfied with the purchase.";"2023-07-29 14:42:55"
"373";"44";"77";"Highly satisfied with the purchase.";"2023-07-29 14:43:05"
"374";"44";"91";"Highly satisfied with the purchase.";"2023-07-29 14:43:14"
"375";"44";"92";"Highly satisfied with the purchase.";"2023-07-29 14:43:23"
"376";"44";"65";"Highly satisfied with the purchase.";"2023-07-29 14:43:33"
"377";"44";"74";"Highly satisfied with the purchase.";"2023-07-29 14:43:42"
"378";"44";"78";"Highly satisfied with the purchase.";"2023-07-29 14:43:53"
"379";"44";"44";"Highly satisfied with the purchase.";"2023-07-29 14:44:26"
"380";"44";"43";"Highly satisfied with the purchase.";"2023-07-29 14:44:38"
"381";"44";"53";"Highly satisfied with the purchase.";"2023-07-29 14:44:48"
"382";"44";"70";"Highly satisfied with the purchase.";"2023-07-29 14:44:57"
"383";"44";"48";"Highly satisfied with the purchase.";"2023-07-29 14:45:22"
"384";"43";"58";"Fast and reliable shipping.";"2023-07-29 14:46:14"
"385";"43";"50";"Fast and reliable shipping.";"2023-07-29 14:46:29"
"386";"43";"56";"Fast and reliable shipping.";"2023-07-29 14:46:39"
"387";"43";"62";"Fast and reliable shipping.";"2023-07-29 14:46:50"
"388";"43";"53";"Fast and reliable shipping.";"2023-07-29 14:46:59"
"389";"43";"44";"Fast and reliable shipping.";"2023-07-29 14:47:07"
"390";"43";"59";"Fast and reliable shipping.";"2023-07-29 14:47:16"
"391";"43";"64";"Fast and reliable shipping.";"2023-07-29 14:47:26"
"392";"43";"57";"Fast and reliable shipping.";"2023-07-29 14:47:39"
"393";"43";"67";"Fast and reliable shipping.";"2023-07-29 14:47:55"
"394";"43";"70";"Fast and reliable shipping.";"2023-07-29 14:48:07"
"395";"43";"72";"Fast and reliable shipping.";"2023-07-29 14:48:21"
"396";"43";"76";"Fast and reliable shipping.";"2023-07-29 14:48:32"
"397";"43";"66";"Fast and reliable shipping.";"2023-07-29 14:48:43"
"398";"43";"61";"Fast and reliable shipping.";"2023-07-29 14:48:51"
"399";"43";"69";"Fast and reliable shipping.";"2023-07-29 14:49:02"
"400";"43";"78";"Fast and reliable shipping.";"2023-07-29 14:49:12"
"401";"43";"80";"Fast and reliable shipping.";"2023-07-29 14:49:25"
"402";"43";"86";"Fast and reliable shipping.";"2023-07-29 14:49:37"
"403";"43";"68";"Fast and reliable shipping.";"2023-07-29 14:49:52"
